{"noiseKey":{"private":{"type":"Buffer","data":"mFEDxtEoPXibl703o3PGq6JlpAfmsJrKHdFI9bIfXFM="},"public":{"type":"Buffer","data":"1LAukuKbL80PvUXawTJA5u1bfMshb3rc/mohd2W4QDM="}},"pairingEphemeralKeyPair":{"private":{"type":"Buffer","data":"ULA7CsHwK3CEYJcmnWtx9maQOL/lSphQA9drwDZTEGk="},"public":{"type":"Buffer","data":"nW+yhoE1LTEAGFmE6a1UR5DxWW/f3jCVzU5WJDQ8Ry4="}},"signedIdentityKey":{"private":{"type":"Buffer","data":"6ONUuBTL9PpoKtIZRnd/7hNj9ZYkOuLRx14+YXONYmk="},"public":{"type":"Buffer","data":"B4wqjS0YQv0z8lmOnSH6mRlhNIXqAuYoAL3mWlTEpRg="}},"signedPreKey":{"keyPair":{"private":{"type":"Buffer","data":"CNwSQIgMf1Pv6/fAUfIA/qg75ortfTfT4XTFr9qsTm4="},"public":{"type":"Buffer","data":"AIzXqIfPTEo4hG+D6WxT70HchQaEzxdWPOJFAn8zb2Q="}},"signature":{"type":"Buffer","data":"l/WQLgo7izBo5gNioaXESP+1wOtXmvsaq5lEn3TflkYDpgh3aFneJ5LMzLV6ga/AIrHWKilQJZBTJ2SUoE3piw=="},"keyId":1},"registrationId":130,"advSecretKey":"AnG8Bhao4XuZLLan60NiH5Iw2ikNL7wPBnyn92aIVak=","processedHistoryMessages":[{"key":{"remoteJid":"919060791616@s.whatsapp.net","fromMe":true,"id":"F07E36F86D442282B9E7942AF40C936D"},"messageTimestamp":1700108273},{"key":{"remoteJid":"919060791616@s.whatsapp.net","fromMe":true,"id":"981C4FF79A42D6F3EEF17329A0B5AA2C"},"messageTimestamp":1700108273},{"key":{"remoteJid":"919060791616@s.whatsapp.net","fromMe":true,"id":"78FA7CE80CB53189C8CF63232557B841"},"messageTimestamp":1700108278},{"key":{"remoteJid":"919060791616@s.whatsapp.net","fromMe":true,"id":"F4E31DBF42889DE0E831BF6C8357E2C6"},"messageTimestamp":1700108278}],"nextPreKeyId":31,"firstUnuploadedPreKeyId":31,"accountSyncCounter":1,"accountSettings":{"unarchiveChats":false},"deviceId":"KnMHp2nOTnahtQ98dBhl6w","phoneId":"1ca7f97d-204a-42cc-b478-18ee562df0eb","identityId":{"type":"Buffer","data":"kWDqX0MIB/WfL5eEoBx0YfaCtRo="},"registered":true,"backupToken":{"type":"Buffer","data":"nDE/5vNX6a9Vmer2lmQxVRRXM+U="},"registration":{},"pairingCode":"K83R4Q9Z","me":{"id":"919060791616:2@s.whatsapp.net","name":"Ayush Pandey"},"account":{"details":"CKm4v7gHEOqv1qoGGAE=","accountSignatureKey":"yZs5H0lfd3OLSEwqmAqYQR82RiJ5Cz7RKn3iP0V6UTw=","accountSignature":"sA/4nZRfcb0g+IVoOld6/GpK7CD6zyODCkYFjoQ6GHRJd+Z5E3HcCcI0IcxaPGBhxVGr/UMP8MWwlA766jkNDQ==","deviceSignature":"+c1NL0ugCtUkzojbhmL8K5tf6Y4WcfoyHrSIjDCc0Mqln4q1DyrCu48nXw5ICABmEu2L37KDbv5YB7TrXEPQjA=="},"signalIdentities":[{"identifier":{"name":"919060791616:2@s.whatsapp.net","deviceId":0},"identifierKey":{"type":"Buffer","data":"BcmbOR9JX3dzi0hMKpgKmEEfNkYieQs+0Sp94j9FelE8"}}],"platform":"android","lastAccountSyncTimestamp":1700108271,"myAppStateKeyId":"AAAAAGth"}
